{
    "comments":"### Don't forget to add the variables in _vars.tf ###",
    "environment": "prod",
    "location": "australiaeast",
    "subscription_id": "49a47edd-fc88-441c-b12b-ad79d12883ee",
    "rg_name": "RG_DIGITALEXPERIENCE_WEBAPPOMNISERVICES_CFS_PROD_AUE",
    "client_id":"386b9d34-d18b-4e17-8ee0-e319f57e36ff",
    "kube_sp_object_id":"572d1e9a-35a9-4d3d-9ce8-3f158aea77a4",
    "kv_sku": "standard",
    "product_code":"w999",
    "retention_in_days": 90,
    "tags": {
        "CostCentre"         : "NEDIGEN,W999,OPEX",
        "DataClassification" : "RESTRICTED",
        "DR_Ready"           : "NO",
        "DR_Tier"            : "6",
        "Environment"        : "PROD",
        "PlatformName"       : "DigitalExperience",
        "ProductName"        : "WebAppOmniServices",
        "ProductShortName"   : "WAOS",
        "SupportGroup"       : "CXT Web Support"
         },
    "storage_allowed_public_ips":[
        "165.225.226.0/23",
        "165.225.232.0/23",
        "165.225.98.0/24",          
        "165.225.114.0/23"
    ]

}