{
    "comments":"### Don't forget to add the variables in _vars.tf ###",
    "environment": "svt",
    "location": "australiaeast",
    "subscription_id": "5da8013f-6883-4e0b-8de5-90141e2a60df",
    "rg_name": "RG_DIGITALEXPERIENCE_WEBAPPOMNISERVICES_CFS_SVT_AUE",
    "client_id":"9fc05800-7b51-453e-9864-e971484aa76e",
    "kube_sp_object_id":"1c19c7bb-b457-40ba-8eb9-def2bf28ee8f",
    "kv_sku": "standard",
    "product_code":"w999",
    "retention_in_days": 90,
    "tags": {
        "CostCentre"         : "NEDIGEN,W999,OPEX",
        "DataClassification" : "RESTRICTED",
        "DR_Ready"           : "NO",
        "DR_Tier"            : "6",
        "Environment"        : "SVT",
        "PlatformName"       : "DigitalExperience",
        "ProductName"        : "WebAppOmniServices",
        "ProductShortName"   : "WAOS",
        "SupportGroup"       : "CXT Web Support"
         },
     "storage_allowed_public_ips":[
        "165.225.226.0/23",
        "165.225.232.0/23",
        "165.225.98.0/24",          
        "165.225.114.0/23"
    ]

}