{
	"info": {
		"_postman_id": "0d7fa6e5-339a-4437-9c1c-f8cef79c6911",
		"name": "Product List Api",
		"schema": "https://schema.getpostman.com/json/collection/v2.1.0/collection.json"
	},
	"item": [
		{
			"name": "Get lists",
			"request": {
				"method": "GET",
				"header": [
					{
						"key": "UserAuthorization",
						"value": "Bearer {{ccpToken}}",
						"type": "text"
					}
				],
				"url": {
					"raw": "{{rootUrl}}/me/lists?type=SHOPPING_LIST",
					"host": [
						"{{rootUrl}}"
					],
					"path": [
						"me",
						"lists"
					],
					"query": [
						{
							"key": "UserAuthorization",
							"value": "",
							"disabled": true
						},
						{
							"key": "type",
							"value": "SHOPPING_LIST"
						}
					]
				}
			},
			"response": []
		},
		{
			"name": "Create List - Watch List",
			"request": {
				"method": "POST",
				"header": [
					{
						"key": "UserAuthorization",
						"value": "Bearer {{ccpToken}}",
						"type": "text"
					}
				],
				"body": {
					"mode": "raw",
					"raw": "{\n    \"listName\": \"Vova SHOPPING_LIST\",\n    \"type\": \"SHOPPING_LIST\",\n    \"isPreferred\": true\n}",
					"options": {
						"raw": {
							"language": "json"
						}
					}
				},
				"url": {
					"raw": "{{rootUrl}}/me/lists",
					"host": [
						"{{rootUrl}}"
					],
					"path": [
						"me",
						"lists"
					],
					"query": [
						{
							"key": "UserAuthorization",
							"value": "",
							"disabled": true
						}
					]
				}
			},
			"response": []
		},
		{
			"name": "Update list",
			"request": {
				"method": "POST",
				"header": [
					{
						"key": "UserAuthorization",
						"value": "Bearer {{ccpToken}}",
						"type": "text"
					}
				],
				"body": {
					"mode": "raw",
					"raw": "[\n    {\"quantity\": 1, \"productId\": 123},\n     {\"quantity\": 1, \"productId\": 345}\n]",
					"options": {
						"raw": {
							"language": "json"
						}
					}
				},
				"url": {
					"raw": "{{rootUrl}}/me/lists/{{listId}}/items",
					"host": [
						"{{rootUrl}}"
					],
					"path": [
						"me",
						"lists",
						"{{listId}}",
						"items"
					],
					"query": [
						{
							"key": "UserAuthorization",
							"value": "",
							"disabled": true
						}
					]
				}
			},
			"response": []
		},
		{
			"name": "Get List By Id",
			"protocolProfileBehavior": {
				"disableBodyPruning": true
			},
			"request": {
				"method": "GET",
				"header": [
					{
						"key": "UserAuthorization",
						"value": "Bearer {{ccpToken}}",
						"type": "text"
					}
				],
				"body": {
					"mode": "raw",
					"raw": "[\n    {\"quantity\": 1, \"productId\": 123},\n     {\"quantity\": 1, \"productId\": 345}\n]",
					"options": {
						"raw": {
							"language": "json"
						}
					}
				},
				"url": {
					"raw": "{{rootUrl}}/me/lists/{{listId}}/items",
					"host": [
						"{{rootUrl}}"
					],
					"path": [
						"me",
						"lists",
						"{{listId}}",
						"items"
					]
				}
			},
			"response": []
		},
		{
			"name": "Patch list",
			"request": {
				"method": "PATCH",
				"header": [
					{
						"key": "UserAuthorization",
						"value": "Bearer {{ccpToken}}",
						"type": "text"
					}
				],
				"body": {
					"mode": "raw",
					"raw": "[\n    {\"listItemId\": \"607908b2-066c-4dcd-bda2-36db2c5132e6\", \"quantity\": 4, \"productId\": 123}\n]",
					"options": {
						"raw": {
							"language": "json"
						}
					}
				},
				"url": {
					"raw": "{{rootUrl}}/me/lists/{{listId}}/items",
					"host": [
						"{{rootUrl}}"
					],
					"path": [
						"me",
						"lists",
						"{{listId}}",
						"items"
					],
					"query": [
						{
							"key": "UserAuthorization",
							"value": "",
							"disabled": true
						}
					]
				}
			},
			"response": []
		},
		{
			"name": "Delete from list",
			"request": {
				"method": "DELETE",
				"header": [
					{
						"key": "UserAuthorization",
						"value": "Bearer {{ccpToken}}",
						"type": "text"
					}
				],
				"body": {
					"mode": "raw",
					"raw": "{\n    \"listItemId\": [\n        \"e22ff6fc-4ec2-4aac-9979-70793567a3dc\"\n    ]\n}",
					"options": {
						"raw": {
							"language": "json"
						}
					}
				},
				"url": {
					"raw": "{{rootUrl}}/me/lists/{{listId}}/items",
					"host": [
						"{{rootUrl}}"
					],
					"path": [
						"me",
						"lists",
						"{{listId}}",
						"items"
					],
					"query": [
						{
							"key": "UserAuthorization",
							"value": "",
							"disabled": true
						}
					]
				}
			},
			"response": []
		}
	],
	"protocolProfileBehavior": {}
}