{
  "version": "2.0",
  "logging": {
    "fileLoggingMode": "always",
    "applicationInsights": {
      "samplingSettings": {
        "isEnabled": true,
        "excludedTypes": "Request;Exception;Event"
      }
    },
    "logLevel": {
      "default": "Warning",
      "Function": "Information",
      "Host.Aggregator": "Warning",
      "Host.Results": "Information"
    }
  },
  "extensions": {
    "cosmosDB": {
      "connectionMode": "Direct",
      "protocol": "Tcp"
    },
    "queues": {
      "maxPollingInterval": "00:01:00",
      "visibilityTimeout" : "00:00:00",
      "batchSize": 16,
      "maxDequeueCount": 5
    }
  }
}
