<?xml version="1.0" encoding="UTF-8"?>
<configuration>

	<include
		resource="org/springframework/boot/logging/logback/defaults.xml" />
	<springProperty scope="context" name="springAppName"
		source="spring.application.name" />

	<appender name="CONSOLE"
		class="ch.qos.logback.core.ConsoleAppender">
		<encoder
			class="net.logstash.logback.encoder.LoggingEventCompositeJsonEncoder">
			<providers>
				<timestamp>
					<fieldName>timestamp</fieldName>
				</timestamp>
				<logLevel />
				<pattern>
					<pattern>
						{
						"service": "${springAppName:-}",
						"host": "${HOSTNAME}",
						"pid": "${PID:-}"
						}
					</pattern>
				</pattern>
				<threadName />
				<loggerName>
					<shortenedLoggerNameLength>36</shortenedLoggerNameLength>
				</loggerName>
				<mdc>
					<includeMdcKeyName>X-B3-TraceId</includeMdcKeyName>
					<includeMdcKeyName>X-B3-SpanId</includeMdcKeyName>
					<includeMdcKeyName>X-B3-ParentSpanId</includeMdcKeyName>
				</mdc>
				<arguments />
				<message />
				<stackTrace>
					<throwableConverter
						class="net.logstash.logback.stacktrace.ShortenedThrowableConverter" />
				</stackTrace>
			</providers>
		</encoder>
	</appender>

	<!--Application Logs -->
	<root level="INFO">
		<appender-ref ref="CONSOLE" />
	</root>


</configuration>