<?xml version="1.0" encoding="utf-8"?>
<suppressions xmlns="https://jeremylong.github.io/DependencyCheck/dependency-suppression.1.3.xsd">
    <suppress>
        <notes><![CDATA[
   file name: spring-security-crypto-5.3.4.RELEASE.jar
   ]]></notes>
        <packageUrl regex="true">^pkg:maven/org\.springframework\.security/spring\-security\-crypto@.*$</packageUrl>
        <cve>CVE-2018-1258</cve>
    </suppress>
    <suppress>
        <notes><![CDATA[
   file name: spring-security-rsa-1.0.9.RELEASE.jar
   ]]></notes>
        <packageUrl regex="true">^pkg:maven/org\.springframework\.security/spring\-security\-rsa@.*$</packageUrl>
        <cve>CVE-2018-1258</cve>
    </suppress>
    <suppress>
        <notes><![CDATA[
   file name: guava-29.0-jre.jar
   ]]></notes>
        <packageUrl regex="true">^pkg:maven/com\.google\.guava/guava@.*$</packageUrl>
        <cpe>cpe:/a:google:guava</cpe>
    </suppress>
    <suppress>
        <notes><![CDATA[
   file name: guava-29.0-jre.jar
   ]]></notes>
        <packageUrl regex="true">^pkg:maven/com\.google\.guava/guava@.*$</packageUrl>
        <cve>CVE-2020-8908</cve>
    </suppress>
    <suppress>
        <notes><![CDATA[
   file name: hibernate-core-5.4.21.Final.jar
   ]]></notes>
        <packageUrl regex="true">^pkg:maven/org\.hibernate/hibernate\-core@.*$</packageUrl>
        <cpe>cpe:/a:hibernate:hibernate_orm</cpe>
    </suppress>
    <suppress>
        <notes><![CDATA[
   file name: hibernate-core-5.4.21.Final.jar
   ]]></notes>
        <packageUrl regex="true">^pkg:maven/org\.hibernate/hibernate\-core@.*$</packageUrl>
        <cve>CVE-2020-25638</cve>
    </suppress>
    <suppress>
        <notes><![CDATA[
   file name: httpclient-4.5.12.jar
   ]]></notes>
        <packageUrl regex="true">^pkg:maven/org\.apache\.httpcomponents/httpclient@.*$</packageUrl>
        <cpe>cpe:/a:apache:httpclient</cpe>
    </suppress>
    <suppress>
        <notes><![CDATA[
   file name: httpclient-4.5.12.jar
   ]]></notes>
        <packageUrl regex="true">^pkg:maven/org\.apache\.httpcomponents/httpclient@.*$</packageUrl>
        <cve>CVE-2020-13956</cve>
    </suppress>
    <suppress>
        <notes><![CDATA[
   file name: tomcat-embed-core-9.0.38.jar
   ]]></notes>
        <packageUrl regex="true">^pkg:maven/org\.apache\.tomcat\.embed/tomcat\-embed\-core@.*$</packageUrl>
        <cpe>cpe:/a:apache:tomcat</cpe>
    </suppress>
    <suppress>
        <notes><![CDATA[
   file name: tomcat-embed-core-9.0.38.jar
   ]]></notes>
        <packageUrl regex="true">^pkg:maven/org\.apache\.tomcat\.embed/tomcat\-embed\-core@.*$</packageUrl>
        <cpe>cpe:/a:apache_software_foundation:tomcat</cpe>
    </suppress>
    <suppress>
        <notes><![CDATA[
   file name: tomcat-embed-core-9.0.38.jar
   ]]></notes>
        <packageUrl regex="true">^pkg:maven/org\.apache\.tomcat\.embed/tomcat\-embed\-core@.*$</packageUrl>
        <cpe>cpe:/a:apache_tomcat:apache_tomcat</cpe>
    </suppress>
    <suppress>
        <notes><![CDATA[
   file name: tomcat-embed-core-9.0.38.jar
   ]]></notes>
        <packageUrl regex="true">^pkg:maven/org\.apache\.tomcat\.embed/tomcat\-embed\-core@.*$</packageUrl>
        <cve>CVE-2020-17527</cve>
    </suppress>


    <suppress>
        <notes><![CDATA[
   file name: hibernate-hikaricp-5.4.21.Final.jar
   ]]></notes>
        <packageUrl regex="true">^pkg:maven/org\.hibernate/hibernate\-hikaricp@.*$</packageUrl>
        <cpe>cpe:/a:hibernate:hibernate_orm</cpe>
    </suppress>
    <suppress>
        <notes><![CDATA[
   file name: hibernate-hikaricp-5.4.21.Final.jar
   ]]></notes>
        <packageUrl regex="true">^pkg:maven/org\.hibernate/hibernate\-hikaricp@.*$</packageUrl>
        <cve>CVE-2020-25638</cve>
    </suppress>
    <suppress>
        <notes><![CDATA[
   file name: junit-4.13.jar
   ]]></notes>
        <packageUrl regex="true">^pkg:maven/junit/junit@.*$</packageUrl>
        <vulnerabilityName>CVE-2020-15250</vulnerabilityName>
    </suppress>
    <suppress>
        <notes><![CDATA[
   file name: tomcat-embed-websocket-9.0.38.jar
   ]]></notes>
        <packageUrl regex="true">^pkg:maven/org\.apache\.tomcat\.embed/tomcat\-embed\-websocket@.*$</packageUrl>
        <cpe>cpe:/a:apache:tomcat</cpe>
    </suppress>
    <suppress>
        <notes><![CDATA[
   file name: tomcat-embed-websocket-9.0.38.jar
   ]]></notes>
        <packageUrl regex="true">^pkg:maven/org\.apache\.tomcat\.embed/tomcat\-embed\-websocket@.*$</packageUrl>
        <cpe>cpe:/a:apache_software_foundation:tomcat</cpe>
    </suppress>
    <suppress>
        <notes><![CDATA[
   file name: tomcat-embed-websocket-9.0.38.jar
   ]]></notes>
        <packageUrl regex="true">^pkg:maven/org\.apache\.tomcat\.embed/tomcat\-embed\-websocket@.*$</packageUrl>
        <cpe>cpe:/a:apache_tomcat:apache_tomcat</cpe>
    </suppress>
    <suppress>
        <notes><![CDATA[
   file name: tomcat-embed-websocket-9.0.38.jar
   ]]></notes>
        <packageUrl regex="true">^pkg:maven/org\.apache\.tomcat\.embed/tomcat\-embed\-websocket@.*$</packageUrl>
        <cve>CVE-2020-17527</cve>
    </suppress>
    <suppress>
        <notes><![CDATA[
   file name: tomcat-embed-websocket-9.0.38.jar
   ]]></notes>
        <packageUrl regex="true">^pkg:maven/org\.apache\.tomcat\.embed/tomcat\-embed\-websocket@.*$</packageUrl>
        <cpe>cpe:/a:apache:http_server</cpe>
    </suppress>
    <suppress>
        <notes><![CDATA[
   file name: tomcat-embed-websocket-9.0.38.jar
   ]]></notes>
        <packageUrl regex="true">^pkg:maven/org\.apache\.tomcat\.embed/tomcat\-embed\-websocket@.*$</packageUrl>
        <cpe>cpe:/a:java-websocket_project:java-websocket</cpe>
    </suppress>
    <suppress>
        <notes><![CDATA[
   file name: tomcat-embed-websocket-9.0.38.jar
   ]]></notes>
        <packageUrl regex="true">^pkg:maven/org\.apache\.tomcat\.embed/tomcat\-embed\-websocket@.*$</packageUrl>
        <cve>CVE-1999-0236</cve>
    </suppress>
    <suppress>
        <notes><![CDATA[
   file name: tomcat-embed-websocket-9.0.38.jar
   ]]></notes>
        <packageUrl regex="true">^pkg:maven/org\.apache\.tomcat\.embed/tomcat\-embed\-websocket@.*$</packageUrl>
        <cve>CVE-1999-1412</cve>
    </suppress>
    <suppress>
        <notes><![CDATA[
   file name: tomcat-embed-websocket-9.0.38.jar
   ]]></notes>
        <packageUrl regex="true">^pkg:maven/org\.apache\.tomcat\.embed/tomcat\-embed\-websocket@.*$</packageUrl>
        <cve>CVE-2009-1890</cve>
    </suppress>
</suppressions>
