{
  "environment": "prod",
  "location": "australiaeast",
  "rg_name": "RG_DIGITALEXPERIENCE_CUSTOMERSERVICES_PRODUCTLIST_PROD_AUE",
  "cosmosdb_offer_type": "Standard",
  "cosmosdb_throughput": 1600,
  "retention_in_days": 30,
  "kube_sp_object_id":"572d1e9a-35a9-4d3d-9ce8-3f158aea77a4",
  "private_endpoint_subnet_id": "/subscriptions/49a47edd-fc88-441c-b12b-ad79d12883ee/resourceGroups/RG_CSVC_BASE_PRIVATE_PROD_AUE/providers/Microsoft.Network/virtualNetworks/VNET_DGXP_PRIVATE_PROD_AUE/subnets/SUBNET_DIGITALEXPERIENCE_CUSTOMERSERVICES_PRODUCT_LIST_SUBNET_PROD_AUE",
  "active_directory_admin_group_object_id": "8d6c9e77-0b2c-45ac-9ebf-4b4fa9c38e58",
  "allowed_subnets": [
    "/subscriptions/49a47edd-fc88-441c-b12b-ad79d12883ee/resourceGroups/RG_CSVC_BASE_PRIVATE_PROD_AUE/providers/Microsoft.Network/virtualNetworks/VNET_DGXP_PRIVATE_PROD_AUE/subnets/SUBNET_DIGITALEXPERIENCE_DGKB_KUBE-SHARED_PROD_AUE",
    "/subscriptions/6f3f2639-7439-41a7-8b89-53f9d45229c3/resourceGroups/RG_Cloud_Services_Production_AUE/providers/Microsoft.Network/virtualNetworks/VNET_CLOUD_SERVICES_PRIVATE_PRODUCTION_AUE/subnets/SUBNET_DEVOPS_AGENTS_PRIVATE_PROD_AUE",
    "/subscriptions/8dfb7356-39fe-47df-8c17-559bc009f82f/resourceGroups/RG_CSVC_BASE_PRIVATE_PROD_AUE/providers/Microsoft.Network/virtualNetworks/VNET_INTE_PRIVATE_PROD_AUE/subnets/SUBNET_INTEGRATION_KUBE_KUBE-SHARED_PROD_AUE"
  ],
  "tags": {
    "CostCentre"         : "NEDIGEN,W999,OPEX",
    "DataClassification" : "RESTRICTED",
    "DR_Ready"           : "NO",
    "DR_Tier"            : "6",
    "Environment"        : "PROD",
    "PlatformName"       : "DigitalExperience",
    "ProductName"        : "CustomerServices",
    "ProductShortName"   : "CSV",
    "SupportGroup"       : "Federated Auth / CCP Support"
  },
  "product_code":"w999",
  "service_client_id": "fec30478-08b7-4074-a7b0-1cd5ae26a9bc",
  "client_id": "61e78b2b-cba9-43da-9e2e-3e8a9019d2b1"
}