{
    "environment": "sit",
    "location": "australiaeast",
    "subscription_id": "5da8013f-6883-4e0b-8de5-90141e2a60df",
    "rg_name": "RG_DIGITALEXPERIENCE_CUSTOMERSERVICES_PRODUCTLIST_SIT_AUE",
    "cosmosdb_offer_type": "Standard",
    "cosmosdb_throughput": 400,
    "retention_in_days": 30,
    "kube_sp_object_id":"1c19c7bb-b457-40ba-8eb9-def2bf28ee8f",
    "private_endpoint_subnet_id": "/subscriptions/5da8013f-6883-4e0b-8de5-90141e2a60df/resourceGroups/RG_CSVC_BASE_PRIVATE_NONPROD_AUE/providers/Microsoft.Network/virtualNetworks/VNET_DGXP_PRIVATE_NONPROD_AUE/subnets/SUBNET_DIGITALEXPERIENCE_CUSTOMERSERVICES_PRODUCT_LIST_SUBNET_SIT_AUE",
    "active_directory_admin_group_object_id": "8740dde5-a351-4360-9df5-a508de1994cf",
    "allowed_subnets": [
        "/subscriptions/5da8013f-6883-4e0b-8de5-90141e2a60df/resourceGroups/RG_CSVC_BASE_PRIVATE_NONPROD_AUE/providers/Microsoft.Network/virtualNetworks/VNET_DGXP_PRIVATE_NONPROD_AUE/subnets/SUBNET_DIGITALEXPERIENCE_DGKB_KUBE-SHARED_NONPROD_AUE",
        "/subscriptions/889e3e4d-0562-4125-b2de-3bdf18ee7c09/resourceGroups/RG_Cloud_Services_Non-Production_AUE/providers/Microsoft.Network/virtualNetworks/VNET_CLOUD_SERVICES_PRIVATE_NONPRODUCTION_AUE/subnets/SUBNET_DEVOPS_AGENTS_PRIVATE_DEV_AUE"
    ],
    "tags": {
        "CostCentre"         : "NEDIGEN,W999,OPEX",
        "DataClassification" : "RESTRICTED",
        "DR_Ready"           : "NO",
        "DR_Tier"            : "6",
        "Environment"        : "SIT",
        "PlatformName"       : "DigitalExperience",
        "ProductName"        : "CustomerServices",
        "ProductShortName"   : "CSV",
        "SupportGroup"       : "Federated Auth / CCP Support"
    },
    "product_code":"w999",
    "service_client_id": "40e5723a-6037-4eec-9539-6481b2b33845"
}