{
    "environment": "svt",
    "location": "australiaeast",
    "subscription_id": "5da8013f-6883-4e0b-8de5-90141e2a60df",
    "rg_name": "RG_DIGITALEXPERIENCE_CUSTOMERSERVICES_PRODUCTLIST_SVT_AUE",
    "cosmosdb_offer_type": "Standard",
    "cosmosdb_throughput": 1600,
    "private_endpoint_subnet_id": "/subscriptions/5da8013f-6883-4e0b-8de5-90141e2a60df/resourceGroups/RG_CSVC_BASE_PRIVATE_NONPROD_AUE/providers/Microsoft.Network/virtualNetworks/VNET_DGXP_PRIVATE_NONPROD_AUE/subnets/SUBNET_DIGITALEXPERIENCE_CUSTOMERSERVICES_PRODUCT_LIST_SUBNET_SVT_AUE",
    "active_directory_admin_group_object_id": "8740dde5-a351-4360-9df5-a508de1994cf",
    "product_code":"w999",
    "retention_in_days": 30,
    "kube_sp_object_id":"1c19c7bb-b457-40ba-8eb9-def2bf28ee8f",
    "allowed_subnets": [
        "/subscriptions/5da8013f-6883-4e0b-8de5-90141e2a60df/resourceGroups/RG_CSVC_BASE_PRIVATE_NONPROD_AUE/providers/Microsoft.Network/virtualNetworks/VNET_DGXP_PRIVATE_NONPROD_AUE/subnets/SUBNET_DIGITALEXPERIENCE_DGKB_KUBE-SHARED_NONPROD_AUE",
        "/subscriptions/1ceef401-2164-4c69-8301-f06461c00e9b/resourceGroups/RG_CSVC_BASE_PRIVATE_NONPROD_AUS/providers/Microsoft.Network/virtualNetworks/VNET_INTE_BASE_PRIVATE_NONPROD_AUS/subnets/SUBNET_INTEGRATION_KUBE_KUBE-SHARED_NONPROD_AUS",
        "/subscriptions/889e3e4d-0562-4125-b2de-3bdf18ee7c09/resourceGroups/RG_Cloud_Services_Non-Production_AUE/providers/Microsoft.Network/virtualNetworks/VNET_CLOUD_SERVICES_PRIVATE_NONPRODUCTION_AUE/subnets/SUBNET_DEVOPS_AGENTS_PRIVATE_DEV_AUE"
    ],
    "service_client_id": "ac9d397f-619f-45d6-b5bc-57b405b2ee90",
    "tags": {
        "CostCentre"         : "NEDIGEN,W999,OPEX",
        "DataClassification" : "RESTRICTED",
        "DR_Ready"           : "NO",
        "DR_Tier"            : "6",
        "Environment"        : "SVT",
        "PlatformName"       : "DigitalExperience",
        "ProductName"        : "CustomerServices",
        "ProductShortName"   : "CSV",
        "SupportGroup"       : "Federated Auth / CCP Support"
    }
}