{
    "comments":"### Don't forget to add the variables in _vars.tf ###",
    "environment": "prod",
    "location": "australiaeast",
    "subscription_id": "49a47edd-fc88-441c-b12b-ad79d12883ee",
    "rg_name": "RG_DIGITALEXPERIENCE_CUSTOMERSERVICES_PRODUCTSUBSTITUTION_PROD_AUE",
    "vnet_name":"VNET_DGXP_PRIVATE_PROD_AUE",
    "subnet_name": "SUBNET_DIGITALEXPERIENCE_CUSTOMERSERVICES_PRODUCT_SUBS_SUBNET_PROD_AUE",
    "fa_subnet_name": "SUBNET_DIGITALEXPERIENCE_CUSTOMERSERVICES_FA_PRODUCT_SUBS_SUBNET_PROD_AUE",
    "vnet_rg_name":"RG_CSVC_BASE_PRIVATE_PROD_AUE", 
    "client_id":"780c6972-541d-4db6-9d47-83bfceee1581",
    "kube_sp_object_id":"572d1e9a-35a9-4d3d-9ce8-3f158aea77a4",
    "kv_sku": "standard",
    "product_code":"w999",
    "app_serviceplan_tier":"PremiumV3",
    "app_serviceplan_size":"P3v3",
    "retention_in_days": 90,
    "eh_capacity":2,
    "eh_maximum_throughput_units":20,
    "eh_partition_count":2,
    "asp_autoscale_default_instance": 2,
    "asp_autoscale_min_instance": 2,
    "asp_autoscale_max_instance": 4,
    "tags": {
        "CostCentre"         : "NEDIGEN,W999,OPEX",
        "DataClassification" : "RESTRICTED",
        "DR_Ready"           : "NO",
        "DR_Tier"            : "6",
        "Environment"        : "PROD",
        "PlatformName"       : "DigitalExperience",
        "ProductName"        : "CustomerServices",
        "ProductShortName"   : "CSV",
        "SupportGroup"       : "CXT Web Support"
         },
    "eh_coles_proxy_cidr":[
        "165.225.226.0/23"
         ],
    "storage_allowed_public_ips":[
        "165.225.226.0/23",
        "165.225.232.0/23",
        "165.225.98.0/24",          
        "165.225.114.0/23"
    ]

}