{
    "comments":"### Don't forget to add the variables in _vars.tf ###",
    "environment": "sit",
    "location": "australiaeast",
    "subscription_id": "5da8013f-6883-4e0b-8de5-90141e2a60df",
    "rg_name": "RG_DIGITALEXPERIENCE_CUSTOMERSERVICES_PRODUCTSUBSTITUTION_SIT_AUE",
    "vnet_name":"VNET_DGXP_BASE2_PRIVATE_NONPROD_AUE",
    "subnet_name": "SUBNET_DIGITALEXPERIENCE_CUSTOMERSERVICES_PRODUCT_SUBS_SUBNET_SIT_AUE",
    "fa_subnet_name": "SUBNET_DIGITALEXPERIENCE_CUSTOMERSERVICES_FA_PRODUCT_SUBS_SUBNET_SIT_AUE",
    "vnet_rg_name":"RG_CSVC_BASE_PRIVATE_NONPROD_AUE", 
    "client_id":"1a0e1a80-3325-451a-ae0d-88e361b862ac",
    "kube_sp_object_id":"1c19c7bb-b457-40ba-8eb9-def2bf28ee8f", 
    "kv_sku": "standard",
    "product_code":"w999",
    "app_serviceplan_tier":"Standard",
    "app_serviceplan_size":"S3",
    "retention_in_days": 30,
    "eh_capacity":2,
    "eh_maximum_throughput_units":20,
    "eh_partition_count":2,
    "asp_autoscale_default_instance": 1,
    "asp_autoscale_min_instance": 1,
    "asp_autoscale_max_instance": 2,
    "tags": {
    "CostCentre"         : "NEDIGEN,W999,OPEX",
    "DataClassification" : "RESTRICTED",
    "DR_Ready"           : "NO",
    "DR_Tier"            : "6",
    "Environment"        : "TEST",
    "PlatformName"       : "DigitalExperience",
    "ProductName"        : "CustomerServices",
    "ProductShortName"   : "CSV",
    "SupportGroup"       : "CXT Web Support"
     },
    "eh_coles_proxy_cidr":[
        "165.225.226.0/23"
         ],
    "storage_allowed_public_ips":[
        "165.225.226.0/23",
        "165.225.232.0/23",
        "165.225.98.0/24",          
        "165.225.114.0/23"
    ]

}